scanned_at,product_id,name,site,url,price,currency,in_stock,status,method,note
2026-09-22T14:36:29+00:00,iphone-15-128-gb-siyah,iPhone 15 128 GB Siyah,trendyol.com,https://www.trendyol.com/apple/iphone-15-128-gb-siyah-p-762254878,56999.00,TRY,1,ok,http/jsonld,chrome116
2026-09-22T14:36:32+00:00,logitech-mx-master-4,Logitech MX Master 4,hepsiburada.com,https://www.hepsiburada.com/logitech-mx-master-4-dokunsal-geri-bildirim-ozellikli-8000-dpi-optik-sensorlu-sessiz-kablosuz-bluetooth-mouse-koyu-gri-pm-HBC0000C4QAAX,6417.35,TRY,1,ok,http/jsonld,edge101
2026-09-22T14:36:33+00:00,philips-tah1205bk-kulaklik,Philips TAH1205BK Kulaklik,n11.com,https://www.n11.com/urun/philips-tah1205bk00-bluetooth-kulak-ustu-kulaklik-67019198,1168.00,TRY,1,ok,http/jsonld,chrome116
2026-09-22T14:36:44+00:00,amazon-magsafe-kilif,Amazon MagSafe Kilif,amazon.com.tr,https://www.amazon.com.tr/dp/B0CHX3QBCH,,TRY,,blocked,http,sayfa cok kucuk (4153 bayt) - muhtemelen engel sayfasi
2026-09-22T14:36:56+00:00,iphone-15-128-gb-siyah,iPhone 15 128 GB Siyah,trendyol.com,https://www.trendyol.com/apple/iphone-15-128-gb-siyah-p-762254878,56999.00,TRY,1,ok,http/jsonld,chrome116
2026-09-22T14:36:57+00:00,logitech-mx-master-4,Logitech MX Master 4,hepsiburada.com,https://www.hepsiburada.com/logitech-mx-master-4-dokunsal-geri-bildirim-ozellikli-8000-dpi-optik-sensorlu-sessiz-kablosuz-bluetooth-mouse-koyu-gri-pm-HBC0000C4QAAX,6417.35,TRY,1,ok,http/jsonld,chrome116
2026-09-22T14:36:59+00:00,philips-tah1205bk-kulaklik,Philips TAH1205BK Kulaklik,n11.com,https://www.n11.com/urun/philips-tah1205bk00-bluetooth-kulak-ustu-kulaklik-67019198,1168.00,TRY,1,ok,http/jsonld,chrome116
2026-09-22T14:37:10+00:00,amazon-magsafe-kilif,Amazon MagSafe Kilif,amazon.com.tr,https://www.amazon.com.tr/dp/B0CHX3QBCH,,TRY,,blocked,http,sayfa cok kucuk (4153 bayt) - muhtemelen engel sayfasi
2026-09-22T14:43:18+00:00,iphone-15-128-gb-siyah,iPhone 15 128 GB Siyah,trendyol.com,https://www.trendyol.com/apple/iphone-15-128-gb-siyah-p-762254878,56999.00,TRY,1,ok,http/jsonld,chrome116
2026-09-22T14:43:19+00:00,logitech-mx-master-4,Logitech MX Master 4,hepsiburada.com,https://www.hepsiburada.com/logitech-mx-master-4-dokunsal-geri-bildirim-ozellikli-8000-dpi-optik-sensorlu-sessiz-kablosuz-bluetooth-mouse-koyu-gri-pm-HBC0000C4QAAX,6417.35,TRY,1,ok,http/jsonld,chrome116
2026-09-22T14:43:21+00:00,philips-tah1205bk-kulaklik,Philips TAH1205BK Kulaklik,n11.com,https://www.n11.com/urun/philips-tah1205bk00-bluetooth-kulak-ustu-kulaklik-67019198,1168.00,TRY,1,ok,http/jsonld,chrome116
2026-09-22T14:43:22+00:00,amazon-magsafe-kilif,Amazon MagSafe Kilif,amazon.com.tr,https://www.amazon.com.tr/dp/B0CHX3QBCH,,TRY,,error,browser,"Error: Page.goto: net::ERR_CERT_AUTHORITY_INVALID at https://www.amazon.com.tr/dp/B0CHX3QBCH
Call log:
  - navigating to ""https://www.amazon.com.tr/dp/B0CHX3QBCH"", waiting until ""domcontentloaded""
"
2026-09-22T14:44:33+00:00,iphone-15-128-gb-siyah,iPhone 15 128 GB Siyah,trendyol.com,https://www.trendyol.com/apple/iphone-15-128-gb-siyah-p-762254878,56999.00,TRY,1,ok,http/jsonld,chrome116
2026-09-22T14:44:34+00:00,logitech-mx-master-4,Logitech MX Master 4,hepsiburada.com,https://www.hepsiburada.com/logitech-mx-master-4-dokunsal-geri-bildirim-ozellikli-8000-dpi-optik-sensorlu-sessiz-kablosuz-bluetooth-mouse-koyu-gri-pm-HBC0000C4QAAX,6417.35,TRY,1,ok,http/jsonld,chrome116
2026-09-22T14:44:35+00:00,philips-tah1205bk-kulaklik,Philips TAH1205BK Kulaklik,n11.com,https://www.n11.com/urun/philips-tah1205bk00-bluetooth-kulak-ustu-kulaklik-67019198,1168.00,TRY,1,ok,http/jsonld,chrome116
2026-09-22T14:44:47+00:00,amazon-magsafe-kilif,Amazon MagSafe Kilif,amazon.com.tr,https://www.amazon.com.tr/dp/B0CHX3QBCH,,TRY,,error,browser,"Error: Page.goto: net::ERR_CERT_AUTHORITY_INVALID at https://www.amazon.com.tr/dp/B0CHX3QBCH
Call log:
  - navigating to ""https://www.amazon.com.tr/dp/B0CHX3QBCH"", waiting until ""domcontentloaded""
"
2026-09-22T15:02:40+00:00,iphone-15-128-gb-siyah,iPhone 15 128 GB Siyah,trendyol.com,https://www.trendyol.com/apple/iphone-15-128-gb-siyah-p-762254878,56999.00,TRY,1,ok,http/jsonld,chrome116
2026-09-22T15:02:42+00:00,logitech-mx-master-4,Logitech MX Master 4,hepsiburada.com,https://www.hepsiburada.com/logitech-mx-master-4-dokunsal-geri-bildirim-ozellikli-8000-dpi-optik-sensorlu-sessiz-kablosuz-bluetooth-mouse-koyu-gri-pm-HBC0000C4QAAX,6417.35,TRY,1,ok,http/jsonld,chrome116
2026-09-22T15:02:44+00:00,philips-tah1205bk-kulaklik,Philips TAH1205BK Kulaklik,n11.com,https://www.n11.com/urun/philips-tah1205bk00-bluetooth-kulak-ustu-kulaklik-67019198,1168.00,TRY,1,ok,http/jsonld,chrome116
2026-09-22T15:02:55+00:00,amazon-magsafe-kilif,Amazon MagSafe Kilif,amazon.com.tr,https://www.amazon.com.tr/dp/B0CHX3QBCH,,TRY,,error,browser,"Error: Page.goto: net::ERR_CERT_AUTHORITY_INVALID at https://www.amazon.com.tr/dp/B0CHX3QBCH
Call log:
  - navigating to ""https://www.amazon.com.tr/dp/B0CHX3QBCH"", waiting until ""domcontentloaded""
"
2026-09-22T20:30:15+00:00,besafe-izi-turn-b-i-size,BeSafe iZi Turn B i-Size,trendyol.com,https://www.trendyol.com/besafe/izi-turn-b-i-size-oto-koltugu-0-18-kg-anthracite-mesh-p-346523972,43500.00,TRY,1,ok,http/jsonld,chrome116
2026-09-22T20:42:47+00:00,iphone-15-128-gb-siyah,iPhone 15 128 GB Siyah,trendyol.com,https://www.trendyol.com/apple/iphone-15-128-gb-siyah-p-762254878,56999.00,TRY,1,ok,http/jsonld,chrome116
2026-09-22T20:42:48+00:00,logitech-mx-master-4,Logitech MX Master 4,hepsiburada.com,https://www.hepsiburada.com/logitech-mx-master-4-dokunsal-geri-bildirim-ozellikli-8000-dpi-optik-sensorlu-sessiz-kablosuz-bluetooth-mouse-koyu-gri-pm-HBC0000C4QAAX,5699.00,TRY,1,ok,http/jsonld,chrome116
2026-09-22T20:42:50+00:00,philips-tah1205bk-kulaklik,Philips TAH1205BK Kulaklik,n11.com,https://www.n11.com/urun/philips-tah1205bk00-bluetooth-kulak-ustu-kulaklik-67019198,1168.00,TRY,1,ok,http/jsonld,chrome116
2026-09-22T20:43:04+00:00,amazon-magsafe-kilif,Amazon MagSafe Kilif,amazon.com.tr,https://www.amazon.com.tr/dp/B0CHX3QBCH,,TRY,,blocked,browser,sayfa cok kucuk (3871 bayt) - muhtemelen engel sayfasi
2026-09-22T20:43:04+00:00,besafe-izi-turn-b-i-size,BeSafe iZi Turn B i-Size,trendyol.com,https://www.trendyol.com/besafe/izi-turn-b-i-size-oto-koltugu-0-18-kg-anthracite-mesh-p-346523972,43500.00,TRY,1,ok,http/jsonld,chrome116
2026-09-22T21:49:53+00:00,iphone-15-128-gb-siyah,iPhone 15 128 GB Siyah,trendyol.com,https://www.trendyol.com/apple/iphone-15-128-gb-siyah-p-762254878,56999.00,TRY,1,ok,http/jsonld,chrome116
2026-09-22T21:49:54+00:00,logitech-mx-master-4,Logitech MX Master 4,hepsiburada.com,https://www.hepsiburada.com/logitech-mx-master-4-dokunsal-geri-bildirim-ozellikli-8000-dpi-optik-sensorlu-sessiz-kablosuz-bluetooth-mouse-koyu-gri-pm-HBC0000C4QAAX,5699.00,TRY,1,ok,http/jsonld,chrome116
2026-09-22T21:49:56+00:00,philips-tah1205bk-kulaklik,Philips TAH1205BK Kulaklik,n11.com,https://www.n11.com/urun/philips-tah1205bk00-bluetooth-kulak-ustu-kulaklik-67019198,1168.00,TRY,1,ok,http/jsonld,chrome116
2026-09-22T21:50:09+00:00,amazon-magsafe-kilif,Amazon MagSafe Kilif,amazon.com.tr,https://www.amazon.com.tr/dp/B0CHX3QBCH,,TRY,,blocked,browser,sayfa cok kucuk (3871 bayt) - muhtemelen engel sayfasi
2026-09-22T21:50:09+00:00,besafe-izi-turn-b-i-size,BeSafe iZi Turn B i-Size,trendyol.com,https://www.trendyol.com/besafe/izi-turn-b-i-size-oto-koltugu-0-18-kg-anthracite-mesh-p-346523972,43500.00,TRY,1,ok,http/jsonld,chrome116
2026-09-22T21:59:21+00:00,iphone-15-128-gb-siyah,iPhone 15 128 GB Siyah,trendyol.com,https://www.trendyol.com/apple/iphone-15-128-gb-siyah-p-762254878,56999.00,TRY,1,ok,http/jsonld,chrome116
2026-09-22T21:59:22+00:00,logitech-mx-master-4,Logitech MX Master 4,hepsiburada.com,https://www.hepsiburada.com/logitech-mx-master-4-dokunsal-geri-bildirim-ozellikli-8000-dpi-optik-sensorlu-sessiz-kablosuz-bluetooth-mouse-koyu-gri-pm-HBC0000C4QAAX,5699.00,TRY,1,ok,http/jsonld,chrome116
2026-09-22T21:59:24+00:00,philips-tah1205bk-kulaklik,Philips TAH1205BK Kulaklik,n11.com,https://www.n11.com/urun/philips-tah1205bk00-bluetooth-kulak-ustu-kulaklik-67019198,1168.00,TRY,1,ok,http/jsonld,chrome116
2026-09-22T21:59:30+00:00,amazon-magsafe-kilif,Amazon MagSafe Kilif,amazon.com.tr,https://www.amazon.com.tr/dp/B0CHX3QBCH,,TRY,,parse_failed,browser/bulunamadi,fiyat bulunamadi - siteye ozel secici gerekebilir
2026-09-22T21:59:30+00:00,besafe-izi-turn-b-i-size,BeSafe iZi Turn B i-Size,trendyol.com,https://www.trendyol.com/besafe/izi-turn-b-i-size-oto-koltugu-0-18-kg-anthracite-mesh-p-346523972,43500.00,TRY,1,ok,http/jsonld,chrome116
2026-09-22T22:39:53+00:00,besafe-izi-turn-b-i-size,BeSafe iZi Turn B i-Size,hepsiburada.com,https://www.hepsiburada.com/besafe-izi-turn-b-i-size-0-18kg-oto-koltugu-metallic-melange-p-HBCV00001FNPVQ,43424.25,TRY,1,ok,arama/hepsiburada.com,3 teklif | BeSafe Besafe Izi Turn B i-Size 0-18kg Oto Koltuğu Metallic Melange
2026-09-23T09:00:17+00:00,besafe-izi-turn-b-i-size,BeSafe iZi Turn B i-Size,hepsiburada.com,https://www.hepsiburada.com/besafe-izi-turn-b-i-size-0-18kg-oto-koltugu-metallic-melange-p-HBCV00001FNPVQ,43424.25,TRY,1,ok,arama/hepsiburada.com,3 teklif | BeSafe Besafe Izi Turn B i-Size 0-18kg Oto Koltuğu Metallic Melange
2026-09-23T10:55:56+00:00,besafe-izi-turn-b-i-size,BeSafe iZi Turn B i-Size,hepsiburada.com,https://www.hepsiburada.com/besafe-izi-turn-b-i-size-0-18kg-oto-koltugu-metallic-melange-p-HBCV00001FNPVQ,43424.25,TRY,1,ok,arama/hepsiburada.com,3 teklif | BeSafe Besafe Izi Turn B i-Size 0-18kg Oto Koltuğu Metallic Melange
2026-09-23T16:16:13+00:00,besafe-izi-turn-b-i-size,BeSafe iZi Turn B i-Size,hepsiburada.com,https://www.hepsiburada.com/besafe-izi-turn-b-i-size-0-18kg-oto-koltugu-metallic-melange-p-HBCV00001FNPVQ,43424.25,TRY,1,ok,arama/hepsiburada.com,3 teklif | BeSafe Besafe Izi Turn B i-Size 0-18kg Oto Koltuğu Metallic Melange
2026-09-23T21:11:47+00:00,besafe-izi-turn-b-i-size,BeSafe iZi Turn B i-Size,hepsiburada.com,https://www.hepsiburada.com/besafe-izi-turn-b-i-size-0-18kg-oto-koltugu-metallic-melange-p-HBCV00001FNPVQ,43424.25,TRY,1,ok,arama/hepsiburada.com,1 teklif | BeSafe Besafe Izi Turn B i-Size 0-18kg Oto Koltuğu Metallic Melange
2026-09-24T11:15:01+00:00,besafe-izi-turn-b-i-size,BeSafe iZi Turn B i-Size,hepsiburada.com,https://www.hepsiburada.com/besafe-izi-turn-b-i-size-0-18kg-oto-koltugu-metallic-melange-p-HBCV00001FNPVQ,43424.25,TRY,1,ok,arama/hepsiburada.com,3 teklif | BeSafe Besafe Izi Turn B i-Size 0-18kg Oto Koltuğu Metallic Melange
2026-09-24T16:38:34+00:00,besafe-izi-turn-b-i-size,BeSafe iZi Turn B i-Size,hepsiburada.com,https://www.hepsiburada.com/besafe-izi-turn-b-i-size-0-18kg-oto-koltugu-metallic-melange-p-HBCV00001FNPVQ,43424.25,TRY,1,ok,arama/hepsiburada.com,1 teklif | BeSafe Besafe Izi Turn B i-Size 0-18kg Oto Koltuğu Metallic Melange
2026-09-24T21:14:18+00:00,besafe-izi-turn-b-i-size,BeSafe iZi Turn B i-Size,hepsiburada.com,https://www.hepsiburada.com/besafe-izi-turn-b-i-size-0-18kg-oto-koltugu-metallic-melange-p-HBCV00001FNPVQ,43424.25,TRY,1,ok,arama/hepsiburada.com,1 teklif | BeSafe Besafe Izi Turn B i-Size 0-18kg Oto Koltuğu Metallic Melange
2026-09-25T11:20:18+00:00,besafe-izi-turn-b-i-size,BeSafe iZi Turn B i-Size,hepsiburada.com,https://www.hepsiburada.com/besafe-izi-turn-b-i-size-0-18kg-oto-koltugu-metallic-melange-p-HBCV00001FNPVQ,43424.25,TRY,1,ok,arama/hepsiburada.com,1 teklif | BeSafe Besafe Izi Turn B i-Size 0-18kg Oto Koltuğu Metallic Melange
2026-09-25T16:44:13+00:00,besafe-izi-turn-b-i-size,BeSafe iZi Turn B i-Size,hepsiburada.com,https://www.hepsiburada.com/besafe-izi-turn-b-i-size-0-18kg-oto-koltugu-metallic-melange-p-HBCV00001FNPVQ,43424.25,TRY,1,ok,arama/hepsiburada.com,1 teklif | BeSafe Besafe Izi Turn B i-Size 0-18kg Oto Koltuğu Metallic Melange
2026-09-25T21:11:21+00:00,besafe-izi-turn-b-i-size,BeSafe iZi Turn B i-Size,hepsiburada.com,https://www.hepsiburada.com/besafe-izi-turn-b-i-size-0-18kg-oto-koltugu-metallic-melange-p-HBCV00001FNPVQ,43424.25,TRY,1,ok,arama/hepsiburada.com,1 teklif | BeSafe Besafe Izi Turn B i-Size 0-18kg Oto Koltuğu Metallic Melange
2026-09-26T10:56:36+00:00,besafe-izi-turn-b-i-size,BeSafe iZi Turn B i-Size,hepsiburada.com,https://www.hepsiburada.com/besafe-izi-turn-b-i-size-0-18kg-oto-koltugu-metallic-melange-p-HBCV00001FNPVQ,43424.25,TRY,1,ok,arama/hepsiburada.com,1 teklif | BeSafe Besafe Izi Turn B i-Size 0-18kg Oto Koltuğu Metallic Melange
2026-09-26T15:56:11+00:00,besafe-izi-turn-b-i-size,BeSafe iZi Turn B i-Size,hepsiburada.com,https://www.hepsiburada.com/besafe-izi-turn-b-i-size-0-18kg-oto-koltugu-metallic-melange-p-HBCV00001FNPVQ,43424.25,TRY,1,ok,arama/hepsiburada.com,1 teklif | BeSafe Besafe Izi Turn B i-Size 0-18kg Oto Koltuğu Metallic Melange
2026-09-26T20:43:49+00:00,besafe-izi-turn-b-i-size,BeSafe iZi Turn B i-Size,hepsiburada.com,https://www.hepsiburada.com/besafe-izi-turn-b-i-size-0-18kg-oto-koltugu-metallic-melange-p-HBCV00001FNPVQ,43424.25,TRY,1,ok,arama/hepsiburada.com,2 teklif | BeSafe Besafe Izi Turn B i-Size 0-18kg Oto Koltuğu Metallic Melange
2026-09-27T11:33:51+00:00,besafe-izi-turn-b-i-size,BeSafe iZi Turn B i-Size,hepsiburada.com,https://www.hepsiburada.com/besafe-izi-turn-b-i-size-0-18kg-oto-koltugu-metallic-melange-p-HBCV00001FNPVQ,43424.25,TRY,1,ok,arama/hepsiburada.com,2 teklif | BeSafe Besafe Izi Turn B i-Size 0-18kg Oto Koltuğu Metallic Melange
2026-09-27T16:32:34+00:00,besafe-izi-turn-b-i-size,BeSafe iZi Turn B i-Size,hepsiburada.com,https://www.hepsiburada.com/besafe-izi-turn-b-i-size-0-18kg-oto-koltugu-metallic-melange-p-HBCV00001FNPVQ,43424.25,TRY,1,ok,arama/hepsiburada.com,1 teklif | BeSafe Besafe Izi Turn B i-Size 0-18kg Oto Koltuğu Metallic Melange
2026-09-27T21:00:08+00:00,besafe-izi-turn-b-i-size,BeSafe iZi Turn B i-Size,hepsiburada.com,https://www.hepsiburada.com/besafe-izi-turn-b-i-size-0-18kg-oto-koltugu-metallic-melange-p-HBCV00001FNPVQ,43424.25,TRY,1,ok,arama/hepsiburada.com,1 teklif | BeSafe Besafe Izi Turn B i-Size 0-18kg Oto Koltuğu Metallic Melange
2026-09-28T13:07:06+00:00,besafe-izi-turn-b-i-size,BeSafe iZi Turn B i-Size,hepsiburada.com,https://www.hepsiburada.com/besafe-izi-turn-b-i-size-0-18kg-oto-koltugu-metallic-melange-p-HBCV00001FNPVQ,43424.25,TRY,1,ok,arama/hepsiburada.com,3 teklif | BeSafe Besafe Izi Turn B i-Size 0-18kg Oto Koltuğu Metallic Melange
2026-09-28T22:59:58+00:00,besafe-izi-turn-b-i-size,BeSafe iZi Turn B i-Size,hepsiburada.com,https://www.hepsiburada.com/besafe-izi-turn-b-i-size-0-18kg-oto-koltugu-metallic-melange-p-HBCV00001FNPVQ,43424.25,TRY,1,ok,arama/hepsiburada.com,1 teklif | BeSafe Besafe Izi Turn B i-Size 0-18kg Oto Koltuğu Metallic Melange
2026-09-29T12:17:07+00:00,besafe-izi-turn-b-i-size,BeSafe iZi Turn B i-Size,hepsiburada.com,https://www.hepsiburada.com/besafe-izi-turn-b-i-size-0-18kg-oto-koltugu-metallic-melange-p-HBCV00001FNPVQ,43424.25,TRY,1,ok,arama/hepsiburada.com,1 teklif | BeSafe Besafe Izi Turn B i-Size 0-18kg Oto Koltuğu Metallic Melange
2026-09-29T21:58:08+00:00,besafe-izi-turn-b-i-size,BeSafe iZi Turn B i-Size,hepsiburada.com,https://www.hepsiburada.com/besafe-izi-turn-b-i-size-0-18kg-oto-koltugu-metallic-melange-p-HBCV00001FNPVQ,43424.25,TRY,1,ok,arama/hepsiburada.com,3 teklif | BeSafe Besafe Izi Turn B i-Size 0-18kg Oto Koltuğu Metallic Melange
2026-09-30T12:02:38+00:00,besafe-izi-turn-b-i-size,BeSafe iZi Turn B i-Size,hepsiburada.com,https://www.hepsiburada.com/besafe-izi-turn-b-i-size-0-18kg-oto-koltugu-metallic-melange-p-HBCV00001FNPVQ,43424.25,TRY,1,ok,arama/hepsiburada.com,3 teklif | BeSafe Besafe Izi Turn B i-Size 0-18kg Oto Koltuğu Metallic Melange
2026-09-30T15:32:28+00:00,besafe-izi-turn-b-i-size,BeSafe iZi Turn B i-Size,hepsiburada.com,https://www.hepsiburada.com/besafe-izi-turn-b-i-size-0-18kg-oto-koltugu-metallic-melange-p-HBCV00001FNPVQ,43424.25,TRY,1,ok,arama/hepsiburada.com,1 teklif | BeSafe Besafe Izi Turn B i-Size 0-18kg Oto Koltuğu Metallic Melange
2026-09-30T15:33:25+00:00,besafe-izi-turn-b-i-size,BeSafe iZi Turn B i-Size,hepsiburada.com,https://www.hepsiburada.com/besafe-izi-turn-b-i-size-0-18kg-oto-koltugu-metallic-melange-p-HBCV00001FNPVQ,43424.25,TRY,1,ok,arama/hepsiburada.com,3 teklif | BeSafe Besafe Izi Turn B i-Size 0-18kg Oto Koltuğu Metallic Melange
2026-09-30T15:33:28+00:00,besafe-izi-turn-i-size,besafe izi turn i size,hepsiburada.com,https://www.hepsiburada.com/besafe-izi-turn-b-i-size-0-18kg-oto-koltugu-metallic-melange-p-HBCV00001FNPVQ,43424.25,TRY,1,ok,arama/hepsiburada.com,3 teklif | BeSafe Besafe Izi Turn B i-Size 0-18kg Oto Koltuğu Metallic Melange
2026-09-30T15:34:11+00:00,besafe-izi-turn-b-i-size,BeSafe iZi Turn B i-Size,hepsiburada.com,https://www.hepsiburada.com/besafe-izi-turn-b-i-size-0-18kg-oto-koltugu-metallic-melange-p-HBCV00001FNPVQ,43424.25,TRY,1,ok,arama/hepsiburada.com,1 teklif | BeSafe Besafe Izi Turn B i-Size 0-18kg Oto Koltuğu Metallic Melange
2026-09-30T15:34:21+00:00,besafe-izi-turn-i-size,besafe izi turn i size,hepsiburada.com,https://www.hepsiburada.com/besafe-izi-turn-b-i-size-0-18kg-oto-koltugu-metallic-melange-p-HBCV00001FNPVQ,43424.25,TRY,1,ok,arama/hepsiburada.com,1 teklif | BeSafe Besafe Izi Turn B i-Size 0-18kg Oto Koltuğu Metallic Melange
2026-09-30T15:37:35+00:00,besafe-izi-turn-b-i-size,BeSafe iZi Turn B i-Size,hepsiburada.com,https://www.hepsiburada.com/besafe-izi-turn-b-i-size-0-18kg-oto-koltugu-metallic-melange-p-HBCV00001FNPVQ,43424.25,TRY,1,ok,arama/hepsiburada.com,1 teklif | BeSafe Besafe Izi Turn B i-Size 0-18kg Oto Koltuğu Metallic Melange
2026-09-30T15:37:46+00:00,besafe-izi-turn-i-size,besafe izi turn i size,hepsiburada.com,https://www.hepsiburada.com/besafe-izi-turn-b-i-size-0-18kg-oto-koltugu-metallic-melange-p-HBCV00001FNPVQ,43424.25,TRY,1,ok,arama/hepsiburada.com,1 teklif | BeSafe Besafe Izi Turn B i-Size 0-18kg Oto Koltuğu Metallic Melange
2026-09-30T16:45:06+00:00,besafe-izi-turn-b-i-size,BeSafe iZi Turn B i-Size,hepsiburada.com,https://www.hepsiburada.com/besafe-izi-turn-b-i-size-0-18kg-oto-koltugu-metallic-melange-p-HBCV00001FNPVQ,43424.25,TRY,1,ok,arama/hepsiburada.com,1 teklif | BeSafe Besafe Izi Turn B i-Size 0-18kg Oto Koltuğu Metallic Melange
2026-09-30T16:45:17+00:00,besafe-izi-turn-i-size,besafe izi turn i size,hepsiburada.com,https://www.hepsiburada.com/besafe-izi-turn-b-i-size-0-18kg-oto-koltugu-metallic-melange-p-HBCV00001FNPVQ,43424.25,TRY,1,ok,arama/hepsiburada.com,1 teklif | BeSafe Besafe Izi Turn B i-Size 0-18kg Oto Koltuğu Metallic Melange
2026-09-30T21:56:52+00:00,besafe-izi-turn-b-i-size,BeSafe iZi Turn B i-Size,hepsiburada.com,https://www.hepsiburada.com/besafe-izi-turn-b-i-size-0-18kg-oto-koltugu-metallic-melange-p-HBCV00001FNPVQ,43424.25,TRY,1,ok,arama/hepsiburada.com,3 teklif | BeSafe Besafe Izi Turn B i-Size 0-18kg Oto Koltuğu Metallic Melange
2026-09-30T21:56:54+00:00,besafe-izi-turn-i-size,besafe izi turn i size,hepsiburada.com,https://www.hepsiburada.com/besafe-izi-turn-b-i-size-0-18kg-oto-koltugu-metallic-melange-p-HBCV00001FNPVQ,43424.25,TRY,1,ok,arama/hepsiburada.com,3 teklif | BeSafe Besafe Izi Turn B i-Size 0-18kg Oto Koltuğu Metallic Melange
2026-10-01T12:35:30+00:00,besafe-izi-turn-b-i-size,BeSafe iZi Turn B i-Size,trendyol.com,https://www.trendyol.com/besafe/izi-turn-b-i-size-oto-koltugu-0-18-kg-metallic-melange-p-251088282?boutiqueId=61&merchantId=106458,43500.00,TRY,1,ok,arama/trendyol.com,3 teklif | Besafe Izı Turn B I-Size Oto Koltuğu 0-18 Kg Metallic Melange
2026-10-01T12:35:32+00:00,besafe-izi-turn-i-size,besafe izi turn i size,trendyol.com,https://www.trendyol.com/besafe/izi-turn-b-i-size-oto-koltugu-0-18-kg-metallic-melange-p-251088282?boutiqueId=61&merchantId=106458,43500.00,TRY,1,ok,arama/trendyol.com,3 teklif | Besafe Izı Turn B I-Size Oto Koltuğu 0-18 Kg Metallic Melange
2026-10-01T22:24:59+00:00,besafe-izi-turn-b-i-size,BeSafe iZi Turn B i-Size,trendyol.com,https://www.trendyol.com/besafe/izi-turn-b-i-size-oto-koltugu-0-18-kg-metallic-melange-p-251088282?boutiqueId=61&merchantId=106458,43500.00,TRY,1,ok,arama/trendyol.com,3 teklif | Besafe Izı Turn B I-Size Oto Koltuğu 0-18 Kg Metallic Melange
2026-10-01T22:25:01+00:00,besafe-izi-turn-i-size,besafe izi turn i size,trendyol.com,https://www.trendyol.com/besafe/izi-turn-b-i-size-oto-koltugu-0-18-kg-metallic-melange-p-251088282?boutiqueId=61&merchantId=106458,43500.00,TRY,1,ok,arama/trendyol.com,3 teklif | Besafe Izı Turn B I-Size Oto Koltuğu 0-18 Kg Metallic Melange
2026-10-02T12:00:24+00:00,besafe-izi-turn-b-i-size,BeSafe iZi Turn B i-Size,trendyol.com,https://www.trendyol.com/besafe/izi-turn-b-i-size-oto-koltugu-0-18-kg-metallic-melange-p-251088282?boutiqueId=61&merchantId=106458,43500.00,TRY,1,ok,arama/trendyol.com,3 teklif | Besafe Izı Turn B I-Size Oto Koltuğu 0-18 Kg Metallic Melange
2026-10-02T12:00:26+00:00,besafe-izi-turn-i-size,besafe izi turn i size,trendyol.com,https://www.trendyol.com/besafe/izi-turn-b-i-size-oto-koltugu-0-18-kg-metallic-melange-p-251088282?boutiqueId=61&merchantId=106458,43500.00,TRY,1,ok,arama/trendyol.com,3 teklif | Besafe Izı Turn B I-Size Oto Koltuğu 0-18 Kg Metallic Melange
2026-10-02T20:17:44+00:00,besafe-izi-turn-b-i-size,BeSafe iZi Turn B i-Size,hepsiburada.com,https://www.hepsiburada.com/besafe-izi-turn-b-i-size-0-18kg-oto-koltugu-metallic-melange-p-HBCV00001FNPVQ,45999.00,TRY,1,ok,arama/hepsiburada.com,1 teklif | BeSafe Besafe Izi Turn B i-Size 0-18kg Oto Koltuğu Metallic Melange
2026-10-02T20:17:51+00:00,besafe-izi-turn-i-size,besafe izi turn i size,trendyol.com,https://www.trendyol.com/besafe/izi-turn-b-i-size-oto-koltugu-0-18-kg-metallic-melange-p-251088282?boutiqueId=61&merchantId=106458,43500.00,TRY,1,ok,arama/trendyol.com,3 teklif | Besafe Izı Turn B I-Size Oto Koltuğu 0-18 Kg Metallic Melange
2026-10-02T20:23:31+00:00,besafe-izi-turn-b-i-size,BeSafe iZi Turn B i-Size,hepsiburada.com,https://www.hepsiburada.com/besafe-izi-turn-b-i-size-0-18kg-oto-koltugu-metallic-melange-p-HBCV00001FNPVQ,45999.00,TRY,1,ok,arama/hepsiburada.com,1 teklif | BeSafe Besafe Izi Turn B i-Size 0-18kg Oto Koltuğu Metallic Melange
2026-10-02T20:23:42+00:00,besafe-izi-turn-i-size,besafe izi turn i size,hepsiburada.com,https://www.hepsiburada.com/besafe-izi-turn-b-i-size-0-18kg-oto-koltugu-metallic-melange-p-HBCV00001FNPVQ,45999.00,TRY,1,ok,arama/hepsiburada.com,1 teklif | BeSafe Besafe Izi Turn B i-Size 0-18kg Oto Koltuğu Metallic Melange
2026-10-02T20:23:54+00:00,maxi-cosi-mica,Maxi Cosi Mica,hepsiburada.com,https://www.hepsiburada.com/maxi-cosi-mica-360-pro-i-size-dunyanin-ilk-kizakli-arac-disina-cikabilen-adac-li-isofix-li-360-donebilir-yatabilir-0-18-kg-bebek-oto-koltugu-authentic-truffle-p-HBCV00008DCHQ5,27679.20,TRY,1,ok,arama/hepsiburada.com,"3 teklif | Maxi-Cosi Mica 360 Pro I-Size Dünyanın Ilk Kızaklı, Araç Dışına Çıkabilen Adac'lı Isofix'li 360 Dönebilir Yatabilir 0-18 kg Bebek Oto Koltuğu Authentic Truffle"
2026-10-02T21:54:16+00:00,besafe-izi-turn-b-i-size,BeSafe iZi Turn B i-Size,trendyol.com,https://www.trendyol.com/besafe/izi-turn-b-i-size-oto-koltugu-0-18-kg-metallic-melange-p-251088282?boutiqueId=61&merchantId=106458,43500.00,TRY,1,ok,arama/trendyol.com,3 teklif | Besafe Izı Turn B I-Size Oto Koltuğu 0-18 Kg Metallic Melange
2026-10-02T21:54:18+00:00,besafe-izi-turn-i-size,besafe izi turn i size,trendyol.com,https://www.trendyol.com/besafe/izi-turn-b-i-size-oto-koltugu-0-18-kg-metallic-melange-p-251088282?boutiqueId=61&merchantId=106458,43500.00,TRY,1,ok,arama/trendyol.com,3 teklif | Besafe Izı Turn B I-Size Oto Koltuğu 0-18 Kg Metallic Melange
2026-10-02T21:54:21+00:00,maxi-cosi-mica,Maxi Cosi Mica,trendyol.com,https://www.trendyol.com/maxi-cosi/maxi-cosi-mica-360-pro-i-size-slidetech-kizakli-isofix-li-donebilir-yatabilir-0-18-kg-oto-koltugu-p-808307874?boutiqueId=61&merchantId=109213,27679.20,TRY,1,ok,arama/trendyol.com,4 teklif | MAXİ-COSİ Maxi-cosi Mica 360 Pro I-size Slidetech Kızaklı Isofix'li Dönebilir Yatabilir 0-18 Kg Oto Koltuğu
2026-10-03T11:13:17+00:00,besafe-izi-turn-b-i-size,BeSafe iZi Turn B i-Size,trendyol.com,https://www.trendyol.com/besafe/izi-turn-b-i-size-oto-koltugu-0-18-kg-metallic-melange-p-251088282?boutiqueId=61&merchantId=106458,43500.00,TRY,1,ok,arama/trendyol.com,3 teklif | Besafe Izı Turn B I-Size Oto Koltuğu 0-18 Kg Metallic Melange
2026-10-03T11:13:20+00:00,besafe-izi-turn-i-size,besafe izi turn i size,trendyol.com,https://www.trendyol.com/besafe/izi-turn-b-i-size-oto-koltugu-0-18-kg-metallic-melange-p-251088282?boutiqueId=61&merchantId=106458,43500.00,TRY,1,ok,arama/trendyol.com,3 teklif | Besafe Izı Turn B I-Size Oto Koltuğu 0-18 Kg Metallic Melange
2026-10-03T11:13:24+00:00,maxi-cosi-mica,Maxi Cosi Mica,trendyol.com,https://www.trendyol.com/maxi-cosi/maxi-cosi-mica-360-pro-i-size-slidetech-kizakli-isofix-li-donebilir-yatabilir-0-18-kg-oto-koltugu-p-808307874?boutiqueId=61&merchantId=109213,27679.20,TRY,1,ok,arama/trendyol.com,5 teklif | MAXİ-COSİ Maxi-cosi Mica 360 Pro I-size Slidetech Kızaklı Isofix'li Dönebilir Yatabilir 0-18 Kg Oto Koltuğu
2026-10-03T15:50:25+00:00,besafe-izi-turn-b-i-size,BeSafe iZi Turn B i-Size,trendyol.com,https://www.trendyol.com/besafe/izi-turn-b-i-size-oto-koltugu-0-18-kg-metallic-melange-p-251088282?boutiqueId=61&merchantId=106458,43500.00,TRY,1,ok,arama/trendyol.com,3 teklif | Besafe Izı Turn B I-Size Oto Koltuğu 0-18 Kg Metallic Melange
2026-10-03T15:50:28+00:00,besafe-izi-turn-i-size,besafe izi turn i size,trendyol.com,https://www.trendyol.com/besafe/izi-turn-b-i-size-oto-koltugu-0-18-kg-metallic-melange-p-251088282?boutiqueId=61&merchantId=106458,43500.00,TRY,1,ok,arama/trendyol.com,3 teklif | Besafe Izı Turn B I-Size Oto Koltuğu 0-18 Kg Metallic Melange
2026-10-03T15:50:30+00:00,maxi-cosi-mica,Maxi Cosi Mica,trendyol.com,https://www.trendyol.com/maxi-cosi/maxi-cosi-mica-360-pro-i-size-slidetech-kizakli-isofix-li-donebilir-yatabilir-0-18-kg-oto-koltugu-p-808307874?boutiqueId=61&merchantId=109213,27679.20,TRY,1,ok,arama/trendyol.com,5 teklif | MAXİ-COSİ Maxi-cosi Mica 360 Pro I-size Slidetech Kızaklı Isofix'li Dönebilir Yatabilir 0-18 Kg Oto Koltuğu
2026-10-03T20:40:49+00:00,besafe-izi-turn-b-i-size,BeSafe iZi Turn B i-Size,trendyol.com,https://www.trendyol.com/besafe/izi-turn-b-i-size-oto-koltugu-0-18-kg-metallic-melange-p-251088282?boutiqueId=61&merchantId=106458,43500.00,TRY,1,ok,arama/trendyol.com,3 teklif | Besafe Izı Turn B I-Size Oto Koltuğu 0-18 Kg Metallic Melange
2026-10-03T20:40:51+00:00,besafe-izi-turn-i-size,besafe izi turn i size,trendyol.com,https://www.trendyol.com/besafe/izi-turn-b-i-size-oto-koltugu-0-18-kg-metallic-melange-p-251088282?boutiqueId=61&merchantId=106458,43500.00,TRY,1,ok,arama/trendyol.com,3 teklif | Besafe Izı Turn B I-Size Oto Koltuğu 0-18 Kg Metallic Melange
2026-10-03T20:40:54+00:00,maxi-cosi-mica,Maxi Cosi Mica,trendyol.com,https://www.trendyol.com/maxi-cosi/maxi-cosi-mica-360-pro-i-size-slidetech-kizakli-isofix-li-donebilir-yatabilir-0-18-kg-oto-koltugu-p-808307874?boutiqueId=61&merchantId=109213,27679.20,TRY,1,ok,arama/trendyol.com,4 teklif | MAXİ-COSİ Maxi-cosi Mica 360 Pro I-size Slidetech Kızaklı Isofix'li Dönebilir Yatabilir 0-18 Kg Oto Koltuğu
2026-10-04T11:53:04+00:00,besafe-izi-turn-b-i-size,BeSafe iZi Turn B i-Size,hepsiburada.com,https://www.hepsiburada.com/besafe-izi-turn-b-i-size-0-18kg-oto-koltugu-metallic-melange-p-HBCV00001FNPVQ,45999.00,TRY,1,ok,arama/hepsiburada.com,1 teklif | BeSafe Besafe Izi Turn B i-Size 0-18kg Oto Koltuğu Metallic Melange
2026-10-04T11:53:15+00:00,besafe-izi-turn-i-size,besafe izi turn i size,hepsiburada.com,https://www.hepsiburada.com/besafe-izi-turn-b-i-size-0-18kg-oto-koltugu-metallic-melange-p-HBCV00001FNPVQ,45999.00,TRY,1,ok,arama/hepsiburada.com,1 teklif | BeSafe Besafe Izi Turn B i-Size 0-18kg Oto Koltuğu Metallic Melange
2026-10-04T11:53:23+00:00,maxi-cosi-mica,Maxi Cosi Mica,trendyol.com,https://www.trendyol.com/maxi-cosi/maxi-cosi-mica-360-pro-i-size-slidetech-kizakli-isofix-li-donebilir-yatabilir-0-18-kg-oto-koltugu-p-808307874?boutiqueId=61&merchantId=109213,27679.20,TRY,1,ok,arama/trendyol.com,4 teklif | MAXİ-COSİ Maxi-cosi Mica 360 Pro I-size Slidetech Kızaklı Isofix'li Dönebilir Yatabilir 0-18 Kg Oto Koltuğu
2026-10-04T16:32:45+00:00,besafe-izi-turn-b-i-size,BeSafe iZi Turn B i-Size,trendyol.com,https://www.trendyol.com/besafe/izi-turn-b-i-size-oto-koltugu-0-18-kg-metallic-melange-p-251088282?boutiqueId=61&merchantId=106458,43500.00,TRY,1,ok,arama/trendyol.com,3 teklif | Besafe Izı Turn B I-Size Oto Koltuğu 0-18 Kg Metallic Melange
2026-10-04T16:32:47+00:00,besafe-izi-turn-i-size,besafe izi turn i size,trendyol.com,https://www.trendyol.com/besafe/izi-turn-b-i-size-oto-koltugu-0-18-kg-metallic-melange-p-251088282?boutiqueId=61&merchantId=106458,43500.00,TRY,1,ok,arama/trendyol.com,3 teklif | Besafe Izı Turn B I-Size Oto Koltuğu 0-18 Kg Metallic Melange
2026-10-04T16:32:52+00:00,maxi-cosi-mica,Maxi Cosi Mica,trendyol.com,https://www.trendyol.com/maxi-cosi/maxi-cosi-mica-360-pro-i-size-slidetech-kizakli-isofix-li-donebilir-yatabilir-0-18-kg-oto-koltugu-p-808307874?boutiqueId=61&merchantId=109213,27679.20,TRY,1,ok,arama/trendyol.com,15 teklif | MAXİ-COSİ Maxi-cosi Mica 360 Pro I-size Slidetech Kızaklı Isofix'li Dönebilir Yatabilir 0-18 Kg Oto Koltuğu
2026-10-04T20:56:48+00:00,besafe-izi-turn-b-i-size,BeSafe iZi Turn B i-Size,trendyol.com,https://www.trendyol.com/besafe/izi-turn-b-i-size-oto-koltugu-0-18-kg-metallic-melange-p-251088282?boutiqueId=61&merchantId=106458,43500.00,TRY,1,ok,arama/trendyol.com,3 teklif | Besafe Izı Turn B I-Size Oto Koltuğu 0-18 Kg Metallic Melange
2026-10-04T20:56:50+00:00,besafe-izi-turn-i-size,besafe izi turn i size,trendyol.com,https://www.trendyol.com/besafe/izi-turn-b-i-size-oto-koltugu-0-18-kg-metallic-melange-p-251088282?boutiqueId=61&merchantId=106458,43500.00,TRY,1,ok,arama/trendyol.com,3 teklif | Besafe Izı Turn B I-Size Oto Koltuğu 0-18 Kg Metallic Melange
2026-10-04T20:56:53+00:00,maxi-cosi-mica,Maxi Cosi Mica,trendyol.com,https://www.trendyol.com/maxi-cosi/maxi-cosi-mica-360-pro-i-size-slidetech-kizakli-isofix-li-donebilir-yatabilir-0-18-kg-oto-koltugu-p-808307874?boutiqueId=61&merchantId=109213,27679.20,TRY,1,ok,arama/trendyol.com,15 teklif | MAXİ-COSİ Maxi-cosi Mica 360 Pro I-size Slidetech Kızaklı Isofix'li Dönebilir Yatabilir 0-18 Kg Oto Koltuğu
2026-10-05T13:49:27+00:00,besafe-izi-turn-b-i-size,BeSafe iZi Turn B i-Size,trendyol.com,https://www.trendyol.com/besafe/izi-turn-b-i-size-oto-koltugu-0-18-kg-metallic-melange-p-251088282?boutiqueId=61&merchantId=106458,43500.00,TRY,1,ok,arama/trendyol.com,3 teklif | Besafe Izı Turn B I-Size Oto Koltuğu 0-18 Kg Metallic Melange
2026-10-05T13:49:30+00:00,besafe-izi-turn-i-size,besafe izi turn i size,trendyol.com,https://www.trendyol.com/besafe/izi-turn-b-i-size-oto-koltugu-0-18-kg-metallic-melange-p-251088282?boutiqueId=61&merchantId=106458,43500.00,TRY,1,ok,arama/trendyol.com,3 teklif | Besafe Izı Turn B I-Size Oto Koltuğu 0-18 Kg Metallic Melange
2026-10-05T13:49:32+00:00,maxi-cosi-mica,Maxi Cosi Mica,trendyol.com,https://www.trendyol.com/maxi-cosi/maxi-cosi-mica-360-pro-i-size-slidetech-kizakli-isofix-li-donebilir-yatabilir-0-18-kg-oto-koltugu-p-808307874?boutiqueId=61&merchantId=109213,27679.20,TRY,1,ok,arama/trendyol.com,15 teklif | MAXİ-COSİ Maxi-cosi Mica 360 Pro I-size Slidetech Kızaklı Isofix'li Dönebilir Yatabilir 0-18 Kg Oto Koltuğu
2026-10-05T23:49:08+00:00,besafe-izi-turn-b-i-size,BeSafe iZi Turn B i-Size,trendyol.com,https://www.trendyol.com/besafe/izi-turn-b-i-size-oto-koltugu-0-18-kg-metallic-melange-p-251088282?boutiqueId=61&merchantId=106458,43500.00,TRY,1,ok,arama/trendyol.com,3 teklif | Besafe Izı Turn B I-Size Oto Koltuğu 0-18 Kg Metallic Melange
2026-10-05T23:49:10+00:00,besafe-izi-turn-i-size,besafe izi turn i size,trendyol.com,https://www.trendyol.com/besafe/izi-turn-b-i-size-oto-koltugu-0-18-kg-metallic-melange-p-251088282?boutiqueId=61&merchantId=106458,43500.00,TRY,1,ok,arama/trendyol.com,3 teklif | Besafe Izı Turn B I-Size Oto Koltuğu 0-18 Kg Metallic Melange
2026-10-05T23:49:13+00:00,maxi-cosi-mica,Maxi Cosi Mica,trendyol.com,https://www.trendyol.com/maxi-cosi/maxi-cosi-mica-360-pro-i-size-slidetech-kizakli-isofix-li-donebilir-yatabilir-0-18-kg-oto-koltugu-p-808307874?boutiqueId=61&merchantId=109213,27679.20,TRY,1,ok,arama/trendyol.com,15 teklif | MAXİ-COSİ Maxi-cosi Mica 360 Pro I-size Slidetech Kızaklı Isofix'li Dönebilir Yatabilir 0-18 Kg Oto Koltuğu
2026-10-06T12:53:51+00:00,besafe-izi-turn-b-i-size,BeSafe iZi Turn B i-Size,trendyol.com,https://www.trendyol.com/besafe/izi-turn-b-i-size-oto-koltugu-0-18-kg-metallic-melange-p-251088282?boutiqueId=61&merchantId=106458,43500.00,TRY,1,ok,arama/trendyol.com,3 teklif | Besafe Izı Turn B I-Size Oto Koltuğu 0-18 Kg Metallic Melange
2026-10-06T12:53:54+00:00,besafe-izi-turn-i-size,besafe izi turn i size,trendyol.com,https://www.trendyol.com/besafe/izi-turn-b-i-size-oto-koltugu-0-18-kg-metallic-melange-p-251088282?boutiqueId=61&merchantId=106458,43500.00,TRY,1,ok,arama/trendyol.com,3 teklif | Besafe Izı Turn B I-Size Oto Koltuğu 0-18 Kg Metallic Melange
2026-10-06T12:53:56+00:00,maxi-cosi-mica,Maxi Cosi Mica,trendyol.com,https://www.trendyol.com/maxi-cosi/maxi-cosi-mica-360-pro-i-size-slidetech-kizakli-isofix-li-donebilir-yatabilir-0-18-kg-oto-koltugu-p-808307874?boutiqueId=61&merchantId=109213,27679.20,TRY,1,ok,arama/trendyol.com,5 teklif | MAXİ-COSİ Maxi-cosi Mica 360 Pro I-size Slidetech Kızaklı Isofix'li Dönebilir Yatabilir 0-18 Kg Oto Koltuğu
2026-10-06T22:25:14+00:00,besafe-izi-turn-b-i-size,BeSafe iZi Turn B i-Size,trendyol.com,https://www.trendyol.com/besafe/izi-turn-b-i-size-oto-koltugu-0-18-kg-metallic-melange-p-251088282?boutiqueId=61&merchantId=106458,43500.00,TRY,1,ok,arama/trendyol.com,3 teklif | Besafe Izı Turn B I-Size Oto Koltuğu 0-18 Kg Metallic Melange
2026-10-06T22:25:16+00:00,besafe-izi-turn-i-size,besafe izi turn i size,trendyol.com,https://www.trendyol.com/besafe/izi-turn-b-i-size-oto-koltugu-0-18-kg-metallic-melange-p-251088282?boutiqueId=61&merchantId=106458,43500.00,TRY,1,ok,arama/trendyol.com,3 teklif | Besafe Izı Turn B I-Size Oto Koltuğu 0-18 Kg Metallic Melange
2026-10-06T22:25:19+00:00,maxi-cosi-mica,Maxi Cosi Mica,trendyol.com,https://www.trendyol.com/maxi-cosi/maxi-cosi-mica-360-pro-i-size-slidetech-kizakli-isofix-li-donebilir-yatabilir-0-18-kg-oto-koltugu-p-808307874?boutiqueId=61&merchantId=109213,27679.20,TRY,1,ok,arama/trendyol.com,5 teklif | MAXİ-COSİ Maxi-cosi Mica 360 Pro I-size Slidetech Kızaklı Isofix'li Dönebilir Yatabilir 0-18 Kg Oto Koltuğu
2026-10-07T12:47:55+00:00,besafe-izi-turn-b-i-size,BeSafe iZi Turn B i-Size,trendyol.com,https://www.trendyol.com/besafe/izi-turn-b-i-size-oto-koltugu-0-18-kg-metallic-melange-p-251088282?boutiqueId=61&merchantId=106458,43500.00,TRY,1,ok,arama/trendyol.com,3 teklif | Besafe Izı Turn B I-Size Oto Koltuğu 0-18 Kg Metallic Melange
2026-10-07T12:47:58+00:00,besafe-izi-turn-i-size,besafe izi turn i size,trendyol.com,https://www.trendyol.com/besafe/izi-turn-b-i-size-oto-koltugu-0-18-kg-metallic-melange-p-251088282?boutiqueId=61&merchantId=106458,43500.00,TRY,1,ok,arama/trendyol.com,3 teklif | Besafe Izı Turn B I-Size Oto Koltuğu 0-18 Kg Metallic Melange
2026-10-07T12:48:00+00:00,maxi-cosi-mica,Maxi Cosi Mica,trendyol.com,https://www.trendyol.com/maxi-cosi/maxi-cosi-mica-360-pro-i-size-slidetech-kizakli-isofix-li-donebilir-yatabilir-0-18-kg-oto-koltugu-p-808307874?boutiqueId=61&merchantId=109213,27679.20,TRY,1,ok,arama/trendyol.com,4 teklif | MAXİ-COSİ Maxi-cosi Mica 360 Pro I-size Slidetech Kızaklı Isofix'li Dönebilir Yatabilir 0-18 Kg Oto Koltuğu
2026-10-07T22:50:08+00:00,besafe-izi-turn-b-i-size,BeSafe iZi Turn B i-Size,trendyol.com,https://www.trendyol.com/besafe/izi-turn-b-i-size-oto-koltugu-0-18-kg-metallic-melange-p-251088282?boutiqueId=61&merchantId=106458,43500.00,TRY,1,ok,arama/trendyol.com,3 teklif | Besafe Izı Turn B I-Size Oto Koltuğu 0-18 Kg Metallic Melange
2026-10-07T22:50:09+00:00,besafe-izi-turn-i-size,besafe izi turn i size,trendyol.com,https://www.trendyol.com/besafe/izi-turn-b-i-size-oto-koltugu-0-18-kg-metallic-melange-p-251088282?boutiqueId=61&merchantId=106458,43500.00,TRY,1,ok,arama/trendyol.com,3 teklif | Besafe Izı Turn B I-Size Oto Koltuğu 0-18 Kg Metallic Melange
2026-10-07T22:50:12+00:00,maxi-cosi-mica,Maxi Cosi Mica,trendyol.com,https://www.trendyol.com/maxi-cosi/maxi-cosi-mica-360-pro-i-size-slidetech-kizakli-isofix-li-donebilir-yatabilir-0-18-kg-oto-koltugu-p-808307874?boutiqueId=61&merchantId=109213,27679.20,TRY,1,ok,arama/trendyol.com,3 teklif | MAXİ-COSİ Maxi-cosi Mica 360 Pro I-size Slidetech Kızaklı Isofix'li Dönebilir Yatabilir 0-18 Kg Oto Koltuğu
2026-10-08T12:56:45+00:00,besafe-izi-turn-b-i-size,BeSafe iZi Turn B i-Size,trendyol.com,https://www.trendyol.com/besafe/izi-turn-b-i-size-oto-koltugu-0-18-kg-metallic-melange-p-251088282?boutiqueId=61&merchantId=106458,43500.00,TRY,1,ok,arama/trendyol.com,3 teklif | Besafe Izı Turn B I-Size Oto Koltuğu 0-18 Kg Metallic Melange
2026-10-08T12:56:47+00:00,besafe-izi-turn-i-size,besafe izi turn i size,trendyol.com,https://www.trendyol.com/besafe/izi-turn-b-i-size-oto-koltugu-0-18-kg-metallic-melange-p-251088282?boutiqueId=61&merchantId=106458,43500.00,TRY,1,ok,arama/trendyol.com,3 teklif | Besafe Izı Turn B I-Size Oto Koltuğu 0-18 Kg Metallic Melange
2026-10-08T12:56:49+00:00,maxi-cosi-mica,Maxi Cosi Mica,trendyol.com,https://www.trendyol.com/maxi-cosi/maxi-cosi-mica-360-pro-i-size-slidetech-kizakli-isofix-li-donebilir-yatabilir-0-18-kg-oto-koltugu-p-808307874?boutiqueId=61&merchantId=109213,27679.20,TRY,1,ok,arama/trendyol.com,3 teklif | MAXİ-COSİ Maxi-cosi Mica 360 Pro I-size Slidetech Kızaklı Isofix'li Dönebilir Yatabilir 0-18 Kg Oto Koltuğu
2026-10-08T23:00:51+00:00,besafe-izi-turn-b-i-size,BeSafe iZi Turn B i-Size,trendyol.com,https://www.trendyol.com/besafe/izi-turn-b-i-size-oto-koltugu-0-18-kg-metallic-melange-p-251088282?boutiqueId=61&merchantId=106458,43500.00,TRY,1,ok,arama/trendyol.com,3 teklif | Besafe Izı Turn B I-Size Oto Koltuğu 0-18 Kg Metallic Melange
2026-10-08T23:00:54+00:00,besafe-izi-turn-i-size,besafe izi turn i size,trendyol.com,https://www.trendyol.com/besafe/izi-turn-b-i-size-oto-koltugu-0-18-kg-metallic-melange-p-251088282?boutiqueId=61&merchantId=106458,43500.00,TRY,1,ok,arama/trendyol.com,3 teklif | Besafe Izı Turn B I-Size Oto Koltuğu 0-18 Kg Metallic Melange
2026-10-08T23:00:57+00:00,maxi-cosi-mica,Maxi Cosi Mica,trendyol.com,https://www.trendyol.com/maxi-cosi/maxi-cosi-mica-360-pro-i-size-slidetech-kizakli-isofix-li-donebilir-yatabilir-0-18-kg-oto-koltugu-p-808307874?boutiqueId=61&merchantId=109213,27679.20,TRY,1,ok,arama/trendyol.com,3 teklif | MAXİ-COSİ Maxi-cosi Mica 360 Pro I-size Slidetech Kızaklı Isofix'li Dönebilir Yatabilir 0-18 Kg Oto Koltuğu
2026-10-09T12:42:49+00:00,besafe-izi-turn-b-i-size,BeSafe iZi Turn B i-Size,trendyol.com,https://www.trendyol.com/besafe/izi-turn-b-i-size-oto-koltugu-0-18-kg-metallic-melange-p-251088282?boutiqueId=61&merchantId=106458,43500.00,TRY,1,ok,arama/trendyol.com,3 teklif | Besafe Izı Turn B I-Size Oto Koltuğu 0-18 Kg Metallic Melange
2026-10-09T12:42:52+00:00,besafe-izi-turn-i-size,besafe izi turn i size,trendyol.com,https://www.trendyol.com/besafe/izi-turn-b-i-size-oto-koltugu-0-18-kg-metallic-melange-p-251088282?boutiqueId=61&merchantId=106458,43500.00,TRY,1,ok,arama/trendyol.com,3 teklif | Besafe Izı Turn B I-Size Oto Koltuğu 0-18 Kg Metallic Melange
2026-10-09T12:42:55+00:00,maxi-cosi-mica,Maxi Cosi Mica,trendyol.com,https://www.trendyol.com/maxi-cosi/maxi-cosi-mica-360-pro-i-size-slidetech-kizakli-isofix-li-donebilir-yatabilir-0-18-kg-oto-koltugu-p-808307874?boutiqueId=61&merchantId=109213,27679.20,TRY,1,ok,arama/trendyol.com,6 teklif | MAXİ-COSİ Maxi-cosi Mica 360 Pro I-size Slidetech Kızaklı Isofix'li Dönebilir Yatabilir 0-18 Kg Oto Koltuğu
2026-10-09T17:10:21+00:00,besafe-izi-turn-b-i-size,BeSafe iZi Turn B i-Size,trendyol.com,https://www.trendyol.com/besafe/izi-turn-b-i-size-oto-koltugu-0-18-kg-metallic-melange-p-251088282?boutiqueId=61&merchantId=106458,43500.00,TRY,1,ok,arama/trendyol.com,3 teklif | Besafe Izı Turn B I-Size Oto Koltuğu 0-18 Kg Metallic Melange
2026-10-09T17:10:23+00:00,besafe-izi-turn-i-size,besafe izi turn i size,trendyol.com,https://www.trendyol.com/besafe/izi-turn-b-i-size-oto-koltugu-0-18-kg-metallic-melange-p-251088282?boutiqueId=61&merchantId=106458,43500.00,TRY,1,ok,arama/trendyol.com,3 teklif | Besafe Izı Turn B I-Size Oto Koltuğu 0-18 Kg Metallic Melange
2026-10-09T17:10:25+00:00,maxi-cosi-mica,Maxi Cosi Mica,trendyol.com,https://www.trendyol.com/maxi-cosi/maxi-cosi-mica-360-pro-i-size-slidetech-kizakli-isofix-li-donebilir-yatabilir-0-18-kg-oto-koltugu-p-808307874?boutiqueId=61&merchantId=109213,27679.20,TRY,1,ok,arama/trendyol.com,6 teklif | MAXİ-COSİ Maxi-cosi Mica 360 Pro I-size Slidetech Kızaklı Isofix'li Dönebilir Yatabilir 0-18 Kg Oto Koltuğu
2026-10-09T22:21:48+00:00,besafe-izi-turn-b-i-size,BeSafe iZi Turn B i-Size,trendyol.com,https://www.trendyol.com/besafe/izi-turn-b-i-size-oto-koltugu-0-18-kg-metallic-melange-p-251088282?boutiqueId=61&merchantId=106458,43500.00,TRY,1,ok,arama/trendyol.com,3 teklif | Besafe Izı Turn B I-Size Oto Koltuğu 0-18 Kg Metallic Melange
2026-10-09T22:21:50+00:00,besafe-izi-turn-i-size,besafe izi turn i size,trendyol.com,https://www.trendyol.com/besafe/izi-turn-b-i-size-oto-koltugu-0-18-kg-metallic-melange-p-251088282?boutiqueId=61&merchantId=106458,43500.00,TRY,1,ok,arama/trendyol.com,3 teklif | Besafe Izı Turn B I-Size Oto Koltuğu 0-18 Kg Metallic Melange
2026-10-09T22:21:52+00:00,maxi-cosi-mica,Maxi Cosi Mica,trendyol.com,https://www.trendyol.com/maxi-cosi/maxi-cosi-mica-360-pro-i-size-slidetech-kizakli-isofix-li-donebilir-yatabilir-0-18-kg-oto-koltugu-p-808307874?boutiqueId=61&merchantId=109213,27679.20,TRY,1,ok,arama/trendyol.com,7 teklif | MAXİ-COSİ Maxi-cosi Mica 360 Pro I-size Slidetech Kızaklı Isofix'li Dönebilir Yatabilir 0-18 Kg Oto Koltuğu
